title,link,upname,cover,duration,views,barrage
【光与影33号远征队】拓海的入坑指南,https://www.bilibili.com/video/BV1GyLazqEUd,拓海Sama,https://i2.hdslb.com/bfs/archive/7af3c38d9209237c8cc4c896179478e7a258fe5c.jpg@672w_378h_1c_!web-home-common-cover,27:49,43.3万,1005
【PLAYLIST】｜傍晚城市电台｜强节奏鼓点R&B歌单｜律动｜放松｜缓解压力,https://www.bilibili.com/video/BV1fY7GzFExM,Overdriver音乐电台,https://i2.hdslb.com/bfs/archive/5e4a1d2730479d730171016f35acd4eab463aa4e.jpg@672w_378h_1c_!web-home-common-cover,27:49,43.3万,1005
玩家要啥他给啥！某些高级审美则翻车了【绅批】,https://www.bilibili.com/video/BV1ydJnzPEsU,老绅video,https://i2.hdslb.com/bfs/archive/a5375900144cccc247db1677fa6b65203b43be14.jpg@672w_378h_1c_!web-home-common-cover,27:49,43.3万,1005
亚当 兰伯特｜《Another One Bites the Dust》,https://www.bilibili.com/video/BV1hyTHz7EPC,AdamLambert_CN,https://i2.hdslb.com/bfs/archive/7afba8e034bf342c38418509f8e2fd66f981c775.jpg@672w_378h_1c_!web-home-common-cover,27:49,43.3万,1005
【思辨与立场】你永远感受不到认知外的幸福，如何调整视角，找寻人生意义,https://www.bilibili.com/video/BV1vqJ3zxE7z,非专业牛仔,https://i2.hdslb.com/bfs/archive/d33ab3fb2e0a6fbbbb2c5260559bc57b15519797.jpg@672w_378h_1c_!web-home-common-cover,27:49,43.3万,1005
【虚幻5】UE5美学创作从入门到进阶课，招生了！,//cm.bilibili.com/cm/api/fees/pc/sync/v2?msg=a%7C5614%2Cb%7Cbilibili%2Cc%7C1%2Cd%7C0%2Ce%7CCKLjyQQQo8mnFhiD0%2F9XIKQBKAEw%2Bat9OO4rQh8xNzQ5NDgyMjY0ODY4cTE3MmEyNWExMjlhMThxNzQySKSyk6r1MlIG6ZW%2F5rKZWgbmuZbljZdiBuS4reWbvWgBcAB4gICAgKAmgAEBiAEAkgENNTguMjAuMTI2LjIxOKABpQGoARyyASBReH2g4lAPNfDubfwkm2Kr33Q%2BEoYCh6tJJfTUmNkwT7oB%2FQNodHRwczovL3d3dy5iaWxpYmlsaS5jb20vdmlkZW8vQlYxZEZCZVlzRVVXP3RyYWNraWQ9d2ViX3BlZ2FzdXNfMy5yb3V0ZXItd2ViLXBlZ2FzdXMtMjA4MTI1OC05NzljZmI2YzYtbGg5ZzkuMTc0OTQ4MjI2NDg2MS4xOTUmdHJhY2tfaWQ9cGJhZXMuczgzazhZM3FHQURaYlJWM2J4a0VGQnFqNTVxbTJMZXpNdXBLZVN1bXpGbUd5aGNkZHJ2Ym1HT0VlOF9SeGlKbnRibWtzZk9wcGUyWWNZQm1wOFRrVi1HVVNCZlpPTXBDUnBLOFptOWJyVFloTUxGUmNLV1BiU3FjZm9QNE51Sjc0R29udGtWVWkxQTJkWXBranFXV1pNYzRZTzFhQzhFdHNUM3A3M2lzQl9uU1J4NmJFS3N5QkQ0Q2w0R251dng3JmNhaWQ9X19DQUlEX18mcmVzb3VyY2VfaWQ9X19SRVNPVVJDRUlEX18mc291cmNlX2lkPTU2MTQmZnJvbV9zcG1pZD1fX0ZST01TUE1JRF9fJnJlcXVlc3RfaWQ9MTc0OTQ4MjI2NDg2OHExNzJhMjVhMTI5YTE4cTc0MiZjcmVhdGl2ZV9pZD0xODQ1NDM2MTkmbGlua2VkX2NyZWF0aXZlX2lkPTE4NDU0MzYxOcIBAjQ50gEA2AGyAuAB8JMJ6AHwogTwAQD4AaQBgAI9iAIAkgIAmAKVvPUBoAKetgKoArivBbACsQO4AgDAAsCaDMgCnQTqAgD4Ap2sAYgDGZIDAKgDALADALgDAMgDANIDzQF7IjEiOiIxODQ1NDM2MTkiLCIxMSI6IjIyOSIsIjEyIjoiNTYxNCIsIjEzIjoiOTk3NDQwIiwiMTQiOiIyNzUiLCIxNSI6IjMwNiIsIjE2IjoiOTk3NDQwXzIyMDQ1IiwiMiI6IjIwNTM2MjUiLCIyNCI6IjEiLCIzIjoiMjA1MzYyNSIsIjQiOiIzOCIsIjUiOiIzMjciLCI2IjoiMjA1MzYyNSIsIjciOiIxMTM1NDExMTc5MDk1NTAiLCI4IjoiMTg3OTI4MTExNiJ94AMA6AMA8AMA%2BgMFb3RoZXKCBAludWxsOm51bGyIBKUBkAQAoAQDqgQHCOvIkA4QBLgECsAEHtAEANgEAOIEyQE1Ni57InBzSWQiOjU5MjQzLCJ2MiI6IkExVnNBVDhTVXJxYVpJYVlFaC1PNjZOcFAtS1A1eFFyWXdTNFdCYUxrQWNTaU9JemhKYUNLeGtrdlZyTmVEaHgzejVKMFRxWnlndjVaVnZ1UmNaaW51N1IydDBscklOMjJHX2ZDNTNqVVQzeVJZWEpNMEVUVXV5QSJ9OzYzLnsicHNJZCI6NTkxOTEsInYyIjoiSkEifTs3MC57InBzSWQiOjU3NTI1LCJ2MiI6IkFBIn3oBADwBAD6BNIFeyJhY2NlbGVyYXRlX2ZhY3RvciI6MS4wLCJhY2NlbGVyYXRlX2lkIjowLCJhZF90eXBlX2ZpeCI6ImNwbSIsImFkdnZfaW5mbyI6IntcImFkanVzdF9iZWZvcmVfY29zdFwiOlwiMTY0LjE0MFwiLFwiYWRqdXN0X3JhdGlvXCI6XCIxLjAwMFwiLFwiYmFsYW5jZXJfaWRcIjowLFwiYmFsYW5jZXJfcmF0aW9cIjpcIjAuMDAwXCIsXCJjaGFyZ2VfZXhwX2tleV9kZXB0aFwiOlwiXCIsXCJjaGFyZ2VfZXhwX2tleV9saWdodFwiOlwiX2ZseV9jcGFfb25saW5lX2NoYXJnZThcIixcImNvc3RfZGlmZlwiOlwiMC4wMDBcIn0iLCJiaXpfdHlwZSI6MywiYml6X3R5cGVfZml4IjozLCJjcGEiOiJ7XCJjcGFfbGV2ZWxcIjoyLFwiY3BhX3NldFwiOjE0OTJ9IiwiY3BhVGFyZ2V0VHlwZSI6MzAsImZyb21UcmFja2lkIjoid2ViX3BlZ2FzdXNfMy5yb3V0ZXItd2ViLXBlZ2FzdXMtMjA4MTI1OC05NzljZmI2YzYtbGg5ZzkuMTc0OTQ4MjI2NDg2MS4xOTUiLCJpbm5lciI6MCwiaXNfY29tbWVyY2UiOjEsImlzX29jcGNfYW50b3Vfb2NwbSI6MCwibWluaV9nYW1lX2lkIjoiIiwibWluaV9nYW1lX3Bvc2l0aW9uX2lkIjoiIiwibW9kZWxTY29yZSI6IntcImN0clwiOlwiMjguMDIxOTY1XCIsXCJjdnJfbDBcIjpcIjU0MS44ODY1OTdcIixcImZpbmFsX3BjdHJcIjpcIjI4LjAyMTk2NVwiLFwiZmluYWxfcGN2clwiOlwiNTQxLjg4NjU5N1wifSIsInZpZGVvX3VwX21pZCI6MTg3OTI4MTExNn2ABQCQBSOQBTOQBUiQBVWQBWKQBXKQBYQBkAWGAZAFiAGQBYkBkAWsAZAFsQGQBbQBkAXIAZAF0AGQBdEBkAXYAZAF6AGQBfEBkAWOApAFmAKQBZoCkAWdApAFngKQBbMCkAW3ApAFwAKQBcICkAXFApAFywKQBcwCkAXOApAF0wKQBdYCkAXYApAF2QKQBdoCkAXcApAF3wKQBeECkAXjApAF5QKQBfACkAXxApAF9QKQBf8CkAWGA5AFjAOQBY0DkAWSA5AFkwOQBZQDkAWVA5AFmAOQBZkDkAWaA5AFmwOQBZwDkAWhA5AFogOQBaQDkAWlA5AFpwOQBbEDkAW2A5AFtwOQBcADkAXBA5AFxAOQBc0DkAXTA5AF1AOQBdcDkAXgA5AF4QOQBeQDkAXlA5AF6AOQBeoDkAXrA5AF8gOQBfMDkAX1A5AF9wOQBfgDkAX%2FA5AFgASQBYcEkAWJBJAFqwSQBa8EkAWwBJAFsQSQBbIEkAW0BJAFuASQBckEkAXLBJAFzQSQBd0EkAXlBJAFgwWQBaAFkAWqBZAFrwWQBbEFkAW1BZAFxgWQBc4FkAXSBZAF0wWQBdUFkAXvBZAF8wWQBY8GkAWYBpAFowaQBaYGkAWqBpAFsAaQBboGkAXaBpAF8AaQBfUGkAX5BpAF%2FwaQBY0HkAWTB5AFuweQBcIHkAXyB5AF9QeQBY8IkAW3CKAFrrSA0L3oGbgFHsAFwPA8yAUI4AUB6AUA%2Cf%7Cclick_sync_3%2Cg%7C1%2Ch%7C1%2Ci%7C%2Cj%7C%2Ck%7C1749482278750%2Cl%7C5636%2Cm%7C1749482278701%2Cn%7C1%2Co%7C0%2Cp%7Cad_card&ts=1749482278750,墨化科技,https://i2.hdslb.com/bfs/sycp/sanlian/image/d7456459a39746918fddfcbc3ac3dde0.jpeg@672w_378h_1c_!web-home-common-cover,27:49,43.3万,1005
飞机无人驾驶，乘客不省人事，揭秘“幽灵航班”的真相 - 太阳神航空522航班空难纪实,https://www.bilibili.com/video/BV1WMT4z7Efi,掣驰YEN,https://i2.hdslb.com/bfs/archive/c32e2a8a54402ad07ef3a1adcb6ac0b9d51e774e.jpg@672w_378h_1c_!web-home-common-cover,27:49,43.3万,1005
2025年了，为什么我们还在迷恋中式梦核？,https://www.bilibili.com/video/BV11wTszCENH,酷玩实验室,https://i2.hdslb.com/bfs/archive/c6219622b94181914198bca1e473e172bbaa31b5.jpg@672w_378h_1c_!web-home-common-cover,27:49,43.3万,1005
怎么不算标杆呢？12年前标杆级灾烂神片《天机富春山居图》全面回顾，喜剧效果拉满！,https://www.bilibili.com/video/BV1vdjvzSE4D,虫哥说电影,https://i2.hdslb.com/bfs/archive/d14d96da4e92c2d93f41f7e9a9473c9e9c9c59cf.jpg@672w_378h_1c_!web-home-common-cover,27:49,43.3万,1005
不管中医西医的，到底能治点病不，恐怕医学最终还得落在人文关怀上,https://www.bilibili.com/video/BV1D6T9zgEQJ,医学老师刘忠保,https://i2.hdslb.com/bfs/archive/0ef85ffd14be23cfdbaa8af1c79beeb2e584294d.jpg@672w_378h_1c_!web-home-common-cover,27:49,43.3万,1005
【光与影33号远征队】拓海的入坑指南,https://www.bilibili.com/video/BV1GyLazqEUd,拓海Sama,https://i2.hdslb.com/bfs/archive/7af3c38d9209237c8cc4c896179478e7a258fe5c.jpg@672w_378h_1c_!web-home-common-cover,27:49,43.3万,1005
【PLAYLIST】｜傍晚城市电台｜强节奏鼓点R&B歌单｜律动｜放松｜缓解压力,https://www.bilibili.com/video/BV1fY7GzFExM,Overdriver音乐电台,https://i2.hdslb.com/bfs/archive/5e4a1d2730479d730171016f35acd4eab463aa4e.jpg@672w_378h_1c_!web-home-common-cover,27:49,43.3万,1005
玩家要啥他给啥！某些高级审美则翻车了【绅批】,https://www.bilibili.com/video/BV1ydJnzPEsU,老绅video,https://i2.hdslb.com/bfs/archive/a5375900144cccc247db1677fa6b65203b43be14.jpg@672w_378h_1c_!web-home-common-cover,27:49,43.3万,1005
亚当 兰伯特｜《Another One Bites the Dust》,https://www.bilibili.com/video/BV1hyTHz7EPC,AdamLambert_CN,https://i2.hdslb.com/bfs/archive/7afba8e034bf342c38418509f8e2fd66f981c775.jpg@672w_378h_1c_!web-home-common-cover,27:49,43.3万,1005
【思辨与立场】你永远感受不到认知外的幸福，如何调整视角，找寻人生意义,https://www.bilibili.com/video/BV1vqJ3zxE7z,非专业牛仔,https://i2.hdslb.com/bfs/archive/d33ab3fb2e0a6fbbbb2c5260559bc57b15519797.jpg@672w_378h_1c_!web-home-common-cover,27:49,43.3万,1005
【虚幻5】UE5美学创作从入门到进阶课，招生了！,//cm.bilibili.com/cm/api/fees/pc/sync/v2?msg=a%7C5614%2Cb%7Cbilibili%2Cc%7C1%2Cd%7C0%2Ce%7CCKLjyQQQo8mnFhiD0%2F9XIKQBKAEw%2Bat9OO4rQh8xNzQ5NDgyMjY0ODY4cTE3MmEyNWExMjlhMThxNzQySKSyk6r1MlIG6ZW%2F5rKZWgbmuZbljZdiBuS4reWbvWgBcAB4gICAgKAmgAEBiAEAkgENNTguMjAuMTI2LjIxOKABpQGoARyyASBReH2g4lAPNfDubfwkm2Kr33Q%2BEoYCh6tJJfTUmNkwT7oB%2FQNodHRwczovL3d3dy5iaWxpYmlsaS5jb20vdmlkZW8vQlYxZEZCZVlzRVVXP3RyYWNraWQ9d2ViX3BlZ2FzdXNfMy5yb3V0ZXItd2ViLXBlZ2FzdXMtMjA4MTI1OC05NzljZmI2YzYtbGg5ZzkuMTc0OTQ4MjI2NDg2MS4xOTUmdHJhY2tfaWQ9cGJhZXMuczgzazhZM3FHQURaYlJWM2J4a0VGQnFqNTVxbTJMZXpNdXBLZVN1bXpGbUd5aGNkZHJ2Ym1HT0VlOF9SeGlKbnRibWtzZk9wcGUyWWNZQm1wOFRrVi1HVVNCZlpPTXBDUnBLOFptOWJyVFloTUxGUmNLV1BiU3FjZm9QNE51Sjc0R29udGtWVWkxQTJkWXBranFXV1pNYzRZTzFhQzhFdHNUM3A3M2lzQl9uU1J4NmJFS3N5QkQ0Q2w0R251dng3JmNhaWQ9X19DQUlEX18mcmVzb3VyY2VfaWQ9X19SRVNPVVJDRUlEX18mc291cmNlX2lkPTU2MTQmZnJvbV9zcG1pZD1fX0ZST01TUE1JRF9fJnJlcXVlc3RfaWQ9MTc0OTQ4MjI2NDg2OHExNzJhMjVhMTI5YTE4cTc0MiZjcmVhdGl2ZV9pZD0xODQ1NDM2MTkmbGlua2VkX2NyZWF0aXZlX2lkPTE4NDU0MzYxOcIBAjQ50gEA2AGyAuAB8JMJ6AHwogTwAQD4AaQBgAI9iAIAkgIAmAKVvPUBoAKetgKoArivBbACsQO4AgDAAsCaDMgCnQTqAgD4Ap2sAYgDGZIDAKgDALADALgDAMgDANIDzQF7IjEiOiIxODQ1NDM2MTkiLCIxMSI6IjIyOSIsIjEyIjoiNTYxNCIsIjEzIjoiOTk3NDQwIiwiMTQiOiIyNzUiLCIxNSI6IjMwNiIsIjE2IjoiOTk3NDQwXzIyMDQ1IiwiMiI6IjIwNTM2MjUiLCIyNCI6IjEiLCIzIjoiMjA1MzYyNSIsIjQiOiIzOCIsIjUiOiIzMjciLCI2IjoiMjA1MzYyNSIsIjciOiIxMTM1NDExMTc5MDk1NTAiLCI4IjoiMTg3OTI4MTExNiJ94AMA6AMA8AMA%2BgMFb3RoZXKCBAludWxsOm51bGyIBKUBkAQAoAQDqgQHCOvIkA4QBLgECsAEHtAEANgEAOIEyQE1Ni57InBzSWQiOjU5MjQzLCJ2MiI6IkExVnNBVDhTVXJxYVpJYVlFaC1PNjZOcFAtS1A1eFFyWXdTNFdCYUxrQWNTaU9JemhKYUNLeGtrdlZyTmVEaHgzejVKMFRxWnlndjVaVnZ1UmNaaW51N1IydDBscklOMjJHX2ZDNTNqVVQzeVJZWEpNMEVUVXV5QSJ9OzYzLnsicHNJZCI6NTkxOTEsInYyIjoiSkEifTs3MC57InBzSWQiOjU3NTI1LCJ2MiI6IkFBIn3oBADwBAD6BNIFeyJhY2NlbGVyYXRlX2ZhY3RvciI6MS4wLCJhY2NlbGVyYXRlX2lkIjowLCJhZF90eXBlX2ZpeCI6ImNwbSIsImFkdnZfaW5mbyI6IntcImFkanVzdF9iZWZvcmVfY29zdFwiOlwiMTY0LjE0MFwiLFwiYWRqdXN0X3JhdGlvXCI6XCIxLjAwMFwiLFwiYmFsYW5jZXJfaWRcIjowLFwiYmFsYW5jZXJfcmF0aW9cIjpcIjAuMDAwXCIsXCJjaGFyZ2VfZXhwX2tleV9kZXB0aFwiOlwiXCIsXCJjaGFyZ2VfZXhwX2tleV9saWdodFwiOlwiX2ZseV9jcGFfb25saW5lX2NoYXJnZThcIixcImNvc3RfZGlmZlwiOlwiMC4wMDBcIn0iLCJiaXpfdHlwZSI6MywiYml6X3R5cGVfZml4IjozLCJjcGEiOiJ7XCJjcGFfbGV2ZWxcIjoyLFwiY3BhX3NldFwiOjE0OTJ9IiwiY3BhVGFyZ2V0VHlwZSI6MzAsImZyb21UcmFja2lkIjoid2ViX3BlZ2FzdXNfMy5yb3V0ZXItd2ViLXBlZ2FzdXMtMjA4MTI1OC05NzljZmI2YzYtbGg5ZzkuMTc0OTQ4MjI2NDg2MS4xOTUiLCJpbm5lciI6MCwiaXNfY29tbWVyY2UiOjEsImlzX29jcGNfYW50b3Vfb2NwbSI6MCwibWluaV9nYW1lX2lkIjoiIiwibWluaV9nYW1lX3Bvc2l0aW9uX2lkIjoiIiwibW9kZWxTY29yZSI6IntcImN0clwiOlwiMjguMDIxOTY1XCIsXCJjdnJfbDBcIjpcIjU0MS44ODY1OTdcIixcImZpbmFsX3BjdHJcIjpcIjI4LjAyMTk2NVwiLFwiZmluYWxfcGN2clwiOlwiNTQxLjg4NjU5N1wifSIsInZpZGVvX3VwX21pZCI6MTg3OTI4MTExNn2ABQCQBSOQBTOQBUiQBVWQBWKQBXKQBYQBkAWGAZAFiAGQBYkBkAWsAZAFsQGQBbQBkAXIAZAF0AGQBdEBkAXYAZAF6AGQBfEBkAWOApAFmAKQBZoCkAWdApAFngKQBbMCkAW3ApAFwAKQBcICkAXFApAFywKQBcwCkAXOApAF0wKQBdYCkAXYApAF2QKQBdoCkAXcApAF3wKQBeECkAXjApAF5QKQBfACkAXxApAF9QKQBf8CkAWGA5AFjAOQBY0DkAWSA5AFkwOQBZQDkAWVA5AFmAOQBZkDkAWaA5AFmwOQBZwDkAWhA5AFogOQBaQDkAWlA5AFpwOQBbEDkAW2A5AFtwOQBcADkAXBA5AFxAOQBc0DkAXTA5AF1AOQBdcDkAXgA5AF4QOQBeQDkAXlA5AF6AOQBeoDkAXrA5AF8gOQBfMDkAX1A5AF9wOQBfgDkAX%2FA5AFgASQBYcEkAWJBJAFqwSQBa8EkAWwBJAFsQSQBbIEkAW0BJAFuASQBckEkAXLBJAFzQSQBd0EkAXlBJAFgwWQBaAFkAWqBZAFrwWQBbEFkAW1BZAFxgWQBc4FkAXSBZAF0wWQBdUFkAXvBZAF8wWQBY8GkAWYBpAFowaQBaYGkAWqBpAFsAaQBboGkAXaBpAF8AaQBfUGkAX5BpAF%2FwaQBY0HkAWTB5AFuweQBcIHkAXyB5AF9QeQBY8IkAW3CKAFrrSA0L3oGbgFHsAFwPA8yAUI4AUB6AUA%2Cf%7Cclick_sync_3%2Cg%7C1%2Ch%7C1%2Ci%7C%2Cj%7C%2Ck%7C1749482278750%2Cl%7C5636%2Cm%7C1749482278701%2Cn%7C1%2Co%7C0%2Cp%7Cad_card&ts=1749482278750,墨化科技,https://i2.hdslb.com/bfs/sycp/sanlian/image/d7456459a39746918fddfcbc3ac3dde0.jpeg@672w_378h_1c_!web-home-common-cover,27:49,43.3万,1005
飞机无人驾驶，乘客不省人事，揭秘“幽灵航班”的真相 - 太阳神航空522航班空难纪实,https://www.bilibili.com/video/BV1WMT4z7Efi,掣驰YEN,https://i2.hdslb.com/bfs/archive/c32e2a8a54402ad07ef3a1adcb6ac0b9d51e774e.jpg@672w_378h_1c_!web-home-common-cover,27:49,43.3万,1005
2025年了，为什么我们还在迷恋中式梦核？,https://www.bilibili.com/video/BV11wTszCENH,酷玩实验室,https://i2.hdslb.com/bfs/archive/c6219622b94181914198bca1e473e172bbaa31b5.jpg@672w_378h_1c_!web-home-common-cover,27:49,43.3万,1005
怎么不算标杆呢？12年前标杆级灾烂神片《天机富春山居图》全面回顾，喜剧效果拉满！,https://www.bilibili.com/video/BV1vdjvzSE4D,虫哥说电影,https://i2.hdslb.com/bfs/archive/d14d96da4e92c2d93f41f7e9a9473c9e9c9c59cf.jpg@672w_378h_1c_!web-home-common-cover,27:49,43.3万,1005
不管中医西医的，到底能治点病不，恐怕医学最终还得落在人文关怀上,https://www.bilibili.com/video/BV1D6T9zgEQJ,医学老师刘忠保,https://i2.hdslb.com/bfs/archive/0ef85ffd14be23cfdbaa8af1c79beeb2e584294d.jpg@672w_378h_1c_!web-home-common-cover,27:49,43.3万,1005
【最受期待的国产单机盘点】最好的一届！明末？影之刃？25年村里大学生阵容能有多豪华？,https://www.bilibili.com/video/BV1xojmzqEhY,蒸汽居士,https://i2.hdslb.com/bfs/archive/6430614411ee9c990ca2227898cfbe36f99fc172.jpg@672w_378h_1c_!web-home-common-cover,07:30,16.9万,553
9分神剧！一人堪比千军万马！漫威最血腥反英雄！《惩罚者》1~3集解析！【漫威|半吊影人】,https://www.bilibili.com/video/BV1jXJJz7EFd,半吊影人,https://i2.hdslb.com/bfs/archive/e2953fb4c7ca2ddab20cdfab84874042bcbf8a1a.jpg@672w_378h_1c_!web-home-common-cover,07:30,16.9万,553
【未明子对话神人8】虚伪小布男，不必在意那些逃避应试规训的fw，戒网瘾学校小孩应该去接受应试教育,https://www.bilibili.com/video/BV1jv7YzJEgi,未萌子,https://i2.hdslb.com/bfs/archive/4712a802f38797da0c651c69475edaed634b0e58.jpg@672w_378h_1c_!web-home-common-cover,07:30,16.9万,553
F-47样机都没见着，特朗普就要卖给日本了？！,https://www.bilibili.com/video/BV12i7nzcEGd,央视军事,https://i2.hdslb.com/bfs/archive/ba8c3db431c391e2379280e61cefa431ae44e24f.jpg@672w_378h_1c_!web-home-common-cover,07:30,16.9万,553
【Minecraft × 数学】五格跳为什么是不可能的？（平地、无buff、无伤害、无冰、无粘液块、不顶头跳、无鞘翅……）,https://www.bilibili.com/video/BV1rF7rzLESv,铟子vinds,https://i2.hdslb.com/bfs/archive/ab5feac52796695fce7242663cd5825a1db4a3ea.jpg@672w_378h_1c_!web-home-common-cover,07:30,16.9万,553
北师大研究生送外卖的第二天，胡乱说一些感想,https://www.bilibili.com/video/BV1SP7JzAEkv,送外卖的硕士老范,https://i2.hdslb.com/bfs/archive/9d473f5c3019b39805e7acd6e80fc4446dc82f22.jpg@672w_378h_1c_!web-home-common-cover,07:30,16.9万,553
给你的房间加加氧？未来的空调或许真的能办到！,//cm.bilibili.com/cm/api/fees/pc/sync/v2?msg=a%7C5614%2Cb%7Cbilibili%2Cc%7C1%2Cd%7C0%2Ce%7CCN%2F%2BoAcQkfPNJxiCgM2hASCdASgBMIWGygE47itCIDE3NDk0ODIyNjc5OTRxMTcyYTI2YTEwMmExNHEyMzAzSNrKk6r1MlIG6ZW%2F5rKZWgbmuZbljZdiBuS4reWbvWgBcAB4gICAgKAmgAEBiAEAkgENNTguMjAuMTI2LjIxOKABogGoASKyASD0mNdi6xIdw8VF2NRuQkohfNChFMF2nTY4qA2jllYvOroB%2FQNodHRwczovL3d3dy5iaWxpYmlsaS5jb20vdmlkZW8vQlYxdnVKSnoyRXk2P3RyYWNraWQ9d2ViX3BlZ2FzdXNfMy5yb3V0ZXItd2ViLXBlZ2FzdXMtMjA4MTI1OC05NzljZmI2YzYtajJzZ20uMTc0OTQ4MjI2Nzk5MS41OCZ0cmFja19pZD1wYmFlcy5zODNrOFkzcUdBRFpiUlYzYnhrRUZCcWo1NXFtMkxlek11cEtlU3VtekZtR3loY2RkcnZibUdPRWU4X1J4aUpubDhYN1ZSZjRJdkU1MEJTcnphLTRNbmQzS0xKV2p4cTh3VGpYbDJyOFBIQ21UU0lFYjh3Ukp3LV9TbUY5Zm1hLU9xcGxwZlpGUVNjUlZFVjVsUUJjQ2hLSTJKRnEyVENCQ0E5YzRmdnUxc0ZTX0ZBLTNxVFFmclJMamNRTUxEeTImY2FpZD1fX0NBSURfXyZyZXNvdXJjZV9pZD1fX1JFU09VUkNFSURfXyZzb3VyY2VfaWQ9NTYxNCZmcm9tX3NwbWlkPV9fRlJPTVNQTUlEX18mcmVxdWVzdF9pZD0xNzQ5NDgyMjY3OTk0cTE3MmEyNmExMDJhMTRxMjMwMyZjcmVhdGl2ZV9pZD0zMzg5MDMwNDImbGlua2VkX2NyZWF0aXZlX2lkPTMzODkwMzA0MsIBAjQz0gEA2AGyAuABgJTr3APoAaDCHvABAPgBnQGAAj2IAgCSAgCYAsWqC6ACwgmoAsWqC7ACwgm4AgDAAsCEPcgClQHqAgD4AkuIAxmSAwCoAwCwAwC4AwDIAwDSA8UBeyIxIjoiMzM4OTAzMDQyIiwiMTEiOiI5NSIsIjEyIjoiNTYxNCIsIjEzIjoiMzMwMzUyIiwiMTQiOiI2ODEiLCIxNSI6IjY4MiIsIjE2IjoiMzMwMzUyXzc1IiwiMiI6IjMzMTAzNDEiLCIyNCI6IjEiLCIzIjoiMzMxMDM0MSIsIjQiOiIwIiwiNSI6IjAiLCI2IjoiMzMxMDM0MSIsIjciOiIxMTQ1NTEwMzkxOTg1MjYiLCI4IjoiMTA3NjExODMyIn3gAwDoAwDwAwD6AwVvdGhlcoIECW51bGw6bnVsbIgEogGQBACYBAGgBAOqBAcIpMycHxAEqgQHCNToox8QAbgECsAEHtAEANgEAOIEyQE1Ni57InBzSWQiOjU5MjQzLCJ2MiI6IkJRQ0N1OXpMMjdUdWt1Nkd0VmJNS1dxdmlybTVKWWpzQjhfck9kY2J2eFFudVltMVNhblN1T0pHb1c3dVZtTWdYNlBDVThiZk8ybjljV0ttZzBrS251N1IydDBscklOMjJHX2Y1dl9wRnlySkVzTVVPdVo5NnV5QSJ9OzYzLnsicHNJZCI6NTkxOTEsInYyIjoiSkEifTs3MC57InBzSWQiOjU3NTI1LCJ2MiI6IkFBIn3oBADwBAD6BNAFeyJhY2NlbGVyYXRlX2ZhY3RvciI6MS4wLCJhY2NlbGVyYXRlX2lkIjowLCJhZF90eXBlX2ZpeCI6ImNwbSIsImFkdnZfaW5mbyI6IntcImFkanVzdF9iZWZvcmVfY29zdFwiOlwiMTU3LjkwMFwiLFwiYWRqdXN0X3JhdGlvXCI6XCIxLjAwMFwiLFwiYmFsYW5jZXJfaWRcIjowLFwiYmFsYW5jZXJfcmF0aW9cIjpcIjAuMDAwXCIsXCJjaGFyZ2VfZXhwX2tleV9kZXB0aFwiOlwiXCIsXCJjaGFyZ2VfZXhwX2tleV9saWdodFwiOlwiX2ZseV9jcGFfb25saW5lX2NoYXJnZThcIixcImNvc3RfZGlmZlwiOlwiMC4wMDBcIn0iLCJiaXpfdHlwZSI6MywiYml6X3R5cGVfZml4IjozLCJjcGEiOiJ7XCJjcGFfbGV2ZWxcIjoyLFwiY3BhX3NldFwiOjI2MDB9IiwiY3BhVGFyZ2V0VHlwZSI6MzAsImZyb21UcmFja2lkIjoid2ViX3BlZ2FzdXNfMy5yb3V0ZXItd2ViLXBlZ2FzdXMtMjA4MTI1OC05NzljZmI2YzYtajJzZ20uMTc0OTQ4MjI2Nzk5MS41OCIsImlubmVyIjowLCJpc19jb21tZXJjZSI6MSwiaXNfb2NwY19hbnRvdV9vY3BtIjowLCJtaW5pX2dhbWVfaWQiOiIiLCJtaW5pX2dhbWVfcG9zaXRpb25faWQiOiIiLCJtb2RlbFNjb3JlIjoie1wiY3RyXCI6XCIzNC42ODQwNTlcIixcImN2cl9sMFwiOlwiMTQ5LjA0OTYyMlwiLFwiZmluYWxfcGN0clwiOlwiMzQuNjg0MDU5XCIsXCJmaW5hbF9wY3ZyXCI6XCIxNDkuMDQ5NjIyXCJ9IiwidmlkZW9fdXBfbWlkIjoxMDc2MTE4MzJ9gAUAkAUjkAUzkAVIkAVVkAVykAW0AZAF0AGQBdEBkAXYAZAFjgKQBZoCkAXAApAFwgKQBcUCkAXLApAFzgKQBdMCkAXWApAF2AKQBdkCkAXaApAF3wKQBeECkAXjApAF5QKQBfACkAXxApAF9QKQBf8CkAWMA5AFjQOQBZMDkAWUA5AFmAOQBZkDkAWaA5AFmwOQBaUDkAWnA5AFtgOQBbcDkAXAA5AFwQOQBcQDkAXNA5AF4AOQBeEDkAXkA5AF9QOQBfgDkAX%2FA5AFhwSQBYkEkAXJBJAFywSQBc0EkAWDBZAFoAWQBaoFkAWvBZAFsQWQBbUFkAXGBZAFzgWQBdIFkAXTBZAF7wWQBY8GkAWYBpAFowaQBaYGkAXaBpAF8AaQBfkGkAX%2FBpAFuweQBcIHkAX1B6AFvoqA8O%2BFGrgFHsAF8JQUyAUI4AUB6AUA%2Cf%7Cclick_sync_3%2Cg%7C1%2Ch%7C1%2Ci%7C%2Cj%7C%2Ck%7C1749482281713%2Cl%7C5636%2Cm%7C1749482278701%2Cn%7C1%2Co%7C0%2Cp%7Cad_card&ts=1749482281713,少锴Sir,https://i2.hdslb.com/bfs/sycp/sanlian/image/1555c60bc5b24e1fb7ca58ad9d0d3d78.jpeg@672w_378h_1c_!web-home-common-cover,07:30,16.9万,553
剧TOP：今年最具野心的剧集，没有之一,https://www.bilibili.com/video/BV1Qk59zWEAE,电影最TOP,https://i2.hdslb.com/bfs/archive/1b7c990cfafb465cd12d28a0e5accd1dd8a6ab8e.jpg@672w_378h_1c_!web-home-common-cover,07:30,16.9万,553
NS2会不会让任天堂第3次陷入危机？【阿Test正经比比】,https://www.bilibili.com/video/BV1wL7BzBE1R,阿Test正经比比,https://i2.hdslb.com/bfs/archive/cb61f7e78f07520b6927ad3c4a2d37c7f547f817.jpg@672w_378h_1c_!web-home-common-cover,07:30,16.9万,553
敢想敢干的气球大叔,https://www.bilibili.com/video/BV1p6TuzaEGW,诗食史事,https://i2.hdslb.com/bfs/archive/aeacaf96b475dc586bcc09df3e97bed17925ea2d.jpg@672w_378h_1c_!web-home-common-cover,07:30,16.9万,553
白雪公主恶堕？奴役小矮人？感觉比黑雪公主带劲！【狗哥试玩《打倒白雪公主！乌拉！》】,https://www.bilibili.com/video/BV1cH7JzQEKR,一只神奇的狗,https://i2.hdslb.com/bfs/archive/8201b9489283b205a26cb7e89d11984c0f59fcd5.jpg@672w_378h_1c_!web-home-common-cover,49:08,3302,19
人类惨遭外星生物侵犯！剧情最好的山寨电影！亿字拆解《外星人侵犯地球》,https://www.bilibili.com/video/BV1JL5KzqEEj,迪普_official,https://i2.hdslb.com/bfs/archive/7bab1759bb7e8b749f5dca46fc85b78c3356165f.jpg@672w_378h_1c_!web-home-common-cover,49:08,3302,19
有四艘出海捕鱼船的朝鲜中产，冒死脱北的背后？,https://www.bilibili.com/video/BV12nTxzJED7,李唐Yo,https://i2.hdslb.com/bfs/archive/b924591da2703cadd8535452fc7e431e46784ed0.jpg@672w_378h_1c_!web-home-common-cover,49:08,3302,19
吉尔被复仇女神追杀一整部！《生化危机3》的剧情故事,https://www.bilibili.com/video/BV14s7NzpEHg,王洛同学,https://i2.hdslb.com/bfs/archive/a13c31888290157244730bc5f39e4b3a5c059b43.jpg@672w_378h_1c_!web-home-common-cover,49:08,3302,19
【杜比视界】在万岛之国，第一次去水下拍免费样片？,//cm.bilibili.com/cm/api/fees/pc/sync/v2?msg=a%7C5614%2Cb%7Cbilibili%2Cc%7C1%2Cd%7C0%2Ce%7CCKy55QYQic2eJRjNsamUASB%2BKAEwoerCATjuK0IgMTc0OTQ4MjI3MDUzMnExNzJhMjdhMTE5YTE5cTc5NzBIxN6TqvUyUgbplb%2FmsplaBua5luWNl2IG5Lit5Zu9aAFwAHiAgICAoCaAAQGIAQCSAQ01OC4yMC4xMjYuMjE4oAF%2FqAF4sgEgfxZShfmzuAYVNjBCeYOhcyAFGYAUsgTU5P%2FwgyEfnxK6Af4DaHR0cHM6Ly93d3cuYmlsaWJpbGkuY29tL3ZpZGVvL0JWMWs5RXl6ZkVVOT90cmFja2lkPXdlYl9wZWdhc3VzXzMucm91dGVyLXdlYi1wZWdhc3VzLTIwODEyNTgtOTc5Y2ZiNmM2LXc3bHEyLjE3NDk0ODIyNzA1MzAuNDI5JnRyYWNrX2lkPXBiYWVzLnM4M2s4WTNxR0FEWmJSVjNieGtFRkJxajU1cW0yTGV6TXVwS2VTdW16Rm1HeWhjZGRydmJtR09FZThfUnhpSm5sOFg3VlJmNEl2RTUwQlNyemEtNE1vZ2RHM3BQYnFucGcwdld3S0F0dEtkaGlFRURudERoZ1BZUXJSTzNFREFNdWtLRi1NVl9HQlNGdjdLT2FzRlpYNFRvNmdLdlNPRlQtRTY3MHZma2FuWnpwWWEtdnBTb2c0SzVFaU9rYmJCSCZjYWlkPV9fQ0FJRF9fJnJlc291cmNlX2lkPV9fUkVTT1VSQ0VJRF9fJnNvdXJjZV9pZD01NjE0JmZyb21fc3BtaWQ9X19GUk9NU1BNSURfXyZyZXF1ZXN0X2lkPTE3NDk0ODIyNzA1MzJxMTcyYTI3YTExOWExOXE3OTcwJmNyZWF0aXZlX2lkPTMxMTA1NjU4OSZsaW5rZWRfY3JlYXRpdmVfaWQ9MzExMDU2NTg5wgECMjHSAQDYAbIC4AHgpxLoAeCnEvABAPgBfoACPYgCAJICAJgCo%2Fd%2BoAKa0wOoAo6WHLAC%2BU24AgDAAoCfScgCkE7qAgD4AtoFiAMZkgMAqAMAsAMAuAMAyAMA0gPAAXsiMSI6IjMxMTA1NjU4OSIsIjExIjoiMjUwIiwiMTIiOiI1NjE0IiwiMTMiOiI1ODI4IiwiMTQiOiI2ODEiLCIxNSI6IjcwMyIsIjE2IjoiNTgyOF83MzAiLCIyIjoiMzE5MjA5NyIsIjI0IjoiMSIsIjMiOiIzMTkyMDk3IiwiNCI6IjAiLCI1IjoiMCIsIjYiOiIzMTkyMDk3IiwiNyI6IjExNDUxMDMyMDkwMjE0MSIsIjgiOiI5NDY5NzQifeADAOgDAfADAPoDBW90aGVyggQJbnVsbDpudWxsiAR%2FkAQAmAQBoAQDqgQHCJOYphwQBKoEBwj7l6YcEAG4BArABAnQBADYBADiBMkBNTYueyJwc0lkIjo1OTI0MywidjIiOiJBMVpQbDF0RWpnR0lsU2dWNUJ5c3ludFZabE05cHNYNFpJRTN6TEFTWHJPeXFGWmh4eHZLMUg5Y1VfOTQ1RXhKbllyOGh1UWxLWjJZTThTd0YwUXhxZTE5TjZ4VFpVOF9YRVo0d2FwQkZ5ckpFc01XczBFVFV1eUEifTs2My57InBzSWQiOjU5MTkxLCJ2MiI6IklBIn07NzAueyJwc0lkIjo1NzUyNSwidjIiOiJBQSJ96AQA8AQA%2BgS0BXsiYWNjZWxlcmF0ZV9mYWN0b3IiOjEuMCwiYWNjZWxlcmF0ZV9pZCI6MCwiYWRfdHlwZV9maXgiOiJjcG0iLCJhZHZ2X2luZm8iOiJ7XCJhZGp1c3RfYmVmb3JlX2Nvc3RcIjpcIjEyNi43MzlcIixcImFkanVzdF9yYXRpb1wiOlwiMS4wMDBcIixcImJhbGFuY2VyX2lkXCI6MCxcImJhbGFuY2VyX3JhdGlvXCI6XCIwLjAwMFwiLFwiY2hhcmdlX2V4cF9rZXlfZGVwdGhcIjpcIlwiLFwiY2hhcmdlX2V4cF9rZXlfbGlnaHRcIjpcIl9mbHlfY3BhX29ubGluZV9jaGFyZ2U4XCIsXCJjb3N0X2RpZmZcIjpcIjAuMDAwXCJ9IiwiYml6X3R5cGUiOjMsImJpel90eXBlX2ZpeCI6MywiY3BhIjoie1wiY3BhX2xldmVsXCI6MixcImNwYV9zZXRcIjo5fSIsImNwYVRhcmdldFR5cGUiOjksImZyb21UcmFja2lkIjoid2ViX3BlZ2FzdXNfMy5yb3V0ZXItd2ViLXBlZ2FzdXMtMjA4MTI1OC05NzljZmI2YzYtdzdscTIuMTc0OTQ4MjI3MDUzMC40MjkiLCJpbm5lciI6MCwiaXNfY29tbWVyY2UiOjEsImlzX29jcGNfYW50b3Vfb2NwbSI6MCwibWluaV9nYW1lX2lkIjoiIiwibWluaV9nYW1lX3Bvc2l0aW9uX2lkIjoiIiwibW9kZWxTY29yZSI6IntcImN0clwiOlwiMTIwLjEzMzQ3NlwiLFwiZmluYWxfcGN0clwiOlwiMTIwLjEzMzQ3NlwiLFwiZmluYWxfcGN2clwiOlwiMTAwMDAuMDAwMDAwXCJ9IiwidmlkZW9fdXBfbWlkIjo5NDY5NzR9gAUAkAUjkAUzkAVIkAVVkAVykAW0AZAF0AGQBdEBkAXYAZAFjgKQBZoCkAXAApAFwgKQBcUCkAXLApAFzgKQBdMCkAXWApAF2AKQBdkCkAXaApAF3wKQBeECkAXjApAF5QKQBfACkAXxApAF9QKQBf8CkAWMA5AFjQOQBZMDkAWUA5AFmAOQBZkDkAWaA5AFmwOQBaUDkAWnA5AFtgOQBbcDkAXAA5AFwQOQBcQDkAXNA5AF4AOQBeEDkAXkA5AF9QOQBfgDkAX%2FA5AFhwSQBYkEkAXJBJAFywSQBc0EkAWDBZAFoAWQBaoFkAWvBZAFsQWQBbUFkAXGBZAFzgWQBdIFkAXTBZAF7wWQBY8GkAWjBpAFpgaQBdoGkAXwBpAF%2BQaQBf8GkAWNB5AFmweQBbsHkAXCB5AF9QeQBaMIkAWqCJAF0AigBf2%2FgJjYhBq4BQnABcQtyAUG4AUB6AUA%2Cf%7Cclick_sync_3%2Cg%7C1%2Ch%7C1%2Ci%7C%2Cj%7C%2Ck%7C1749482284300%2Cl%7C5636%2Cm%7C1749482278701%2Cn%7C1%2Co%7C0%2Cp%7Cad_card&ts=1749482284300,影视飓风,https://i2.hdslb.com/bfs/archive/fc3aae1be8b62666df92aeec77696ae4af3f8804.jpg@672w_378h_1c_!web-home-common-cover,49:08,3302,19
机长在空中乱修飞机 162人葬身大海 离谱程度超乎想象的空难 - 印尼亚洲航空8501航班空难纪实,https://www.bilibili.com/video/BV1DpV2zcEV4,掣驰YEN,https://i2.hdslb.com/bfs/archive/c204c44fbb79a30f0b3e416d5d1f3bf4ac686ff8.jpg@672w_378h_1c_!web-home-common-cover,49:08,3302,19
杭州出差｜最便宜vs最贵的西湖醋鱼，能好吃吗？,https://www.bilibili.com/video/BV1rY5NzKEtW,贪玩歌姬小宁子,https://i2.hdslb.com/bfs/archive/3d7ac7a7231b824975eb8fef3fba750db5b38ad8.jpg@672w_378h_1c_!web-home-common-cover,49:08,3302,19
中东老狐狸：沙特如何利用中美竞争，解决建国后最大经济危机【从国家经济看地缘博弈8】,https://www.bilibili.com/video/BV11qTez6E6t,两抖云,https://i2.hdslb.com/bfs/archive/14f8975f56ff5d3b052a3164230b4424a56bedfd.jpg@672w_378h_1c_!web-home-common-cover,49:08,3302,19
关于我不喜欢人类头以下的体毛。。。,https://www.bilibili.com/video/BV1CS7PzjEJT,知名相声演员BBBBB大王,https://i2.hdslb.com/bfs/archive/91be1c6c46b08117f2ed9eae7aa25bfc917964e7.jpg@672w_378h_1c_!web-home-common-cover,49:08,3302,19
【西游记后传】爆肝五万字，一口气看完被鬼畜耽误二十年的神作！,https://www.bilibili.com/video/BV1yc5PzuES6,十之白,https://i2.hdslb.com/bfs/archive/1a8d46469727f2ad9a76424dcdf0274cfea3be05.png@672w_378h_1c_!web-home-common-cover,49:08,3302,19
大龄Java程序员社招总结,https://www.bilibili.com/video/BV1vHTVzcE1u,晚安奥兰多,https://i2.hdslb.com/bfs/archive/51e1267ee6a431bfe762465c2479c2106d780d60.jpg@672w_378h_1c_!web-home-common-cover,06:50,2321,2
👆购前须知！《明末渊虚之羽》地图设计满分！战斗很有深度！但可能不适合你？【游戏鉴赏】,https://www.bilibili.com/video/BV1PnJwzjESz,老火车托马斯,https://i2.hdslb.com/bfs/archive/5c3724b0717e51efe78050d72366ca8c16a63c28.jpg@672w_378h_1c_!web-home-common-cover,06:50,2321,2
一秒六枪⚡️加州无限制格斗大赛⚡️2025全新赛季【畅享版】2K,https://www.bilibili.com/video/BV1QJTaz5Ep2,钟官令,https://i2.hdslb.com/bfs/archive/0344d94e4658588a60ab2ffa72b35fde9de9ff09.jpg@672w_378h_1c_!web-home-common-cover,06:50,2321,2
红警橙猫猫就是08！铁蜘蛛来了，我稍微伪装下笑了！,https://www.bilibili.com/video/BV1417LzUEMm,红警HBK08,https://i2.hdslb.com/bfs/archive/5e81a5555d82a08dba8f3cdfac44a5c8e112e39c.jpg@672w_378h_1c_!web-home-common-cover,06:50,2321,2
【潜伏】站长的真实实力有多强？17年后我才看懂，扳倒陆桥山的幕后黑手到底是谁！潜伏深度剧情解读,https://www.bilibili.com/video/BV1n4j4zqESd,过期柠檬酥,https://i2.hdslb.com/bfs/archive/bf7c508af5b7ca11c2c62c4e30ddd75856c9be19.jpg@672w_378h_1c_!web-home-common-cover,06:50,2321,2
人尽皆知，但几乎没人搞懂的——长城！决定中华文明兴衰存亡的定海神针！,https://www.bilibili.com/video/BV1JAG9zPE1x,朕要做太子,https://i2.hdslb.com/bfs/archive/0c66225a4994d258188bbed229434973650302ff.jpg@672w_378h_1c_!web-home-common-cover,06:50,2321,2
鹰角多人合作平台冒险游戏,//cm.bilibili.com/cm/api/fees/pc/sync/v2?msg=a%7C5614%2Cb%7Cbilibili%2Cc%7C1%2Cd%7C0%2Ce%7CCI3p%2BAYQvMmoJhjGrfaaASDEASgBMOS1qgE47itCHzE3NDk0ODIyNzM0ODNxMTcyYTI0YTc4YTcwcTc4NjRIy%2FWTqvUyUgbplb%2FmsplaBua5luWNl2IG5Lit5Zu9aAFwAHiAgICAoDmAAQOIAQCSAQ01OC4yMC4xMjYuMjE4oAHIAagBDLIBIFWU%2B1PclWZDIgAHfUfizmWx%2Fzu8em0pMIkynB5BRJ8YugG7Amh0dHBzOi8vd3d3LmJpbGlnYW1lLmNvbS9kZXRhaWwvP2lkPTExMDk2MCZzb3VyY2VGcm9tPTIwMDAzMzAxNTMmc291cmNlVHlwZT1hZFB1dCZ0cmFja19pZD1wYmFlcy5zODNrOFkzcUdBRFpiUlYzYnhrRUZCcWo1NXFtMkxlek11cEtlU3VtekZtR3loY2RkcnZibUdPRWU4X1J4aUpudGJta3NmT3BwZTJZY1lCbXA4VGtWeUVkODF6QnB6T3JlQ0FoNWZTNkVSNWJsWnZkOGdhUS1FN0VsaFBlWXZCLXpBdFlZZ2l5S3BYVXR1MDNhRVQxd19JcHowRWc0REJrRFlqR1oyZVYzYS1LOU51MS0zbm95Ukw4OFR6QnZDNlomZnJvbV9iY2c9YmNnXzEyXzMyNDkwMDU1MMIBAjUw0gEA2AHKA%2BABgJTr3APoAcCWsQLwAQD4AcQBgAICiAIAkgIAmAK79awRoAKBgASoAoLmdrACoRW4AgDAAsDDkwfIApBO6gIA%2BAL4sAGIAxmSAwCoAwCwAwC4AwDIAwDSA5sBeyIxIjoiMzI0OTAwNTUwIiwiMTIiOiI1NjE0IiwiMTMiOiIyNTgwMDEzIiwiMTQiOiI4ODciLCIxNSI6IjEzMzUiLCIxNiI6IjI1ODAwMTNfMjI2NDgiLCIyIjoiMjc5MjE2NCIsIjI0IjoiMSIsIjMiOiIyNzkyMTY0IiwiNCI6IjAiLCI1IjoiMCIsIjYiOiIyNzkyMTY0In3gAwDoAwLwAwD6AwVvdGhlcoIECW51bGw6bnVsbIgEyAGQBACYBAGgBAGqBAcIuOKNHRAEqgQHCKXKyx0QAbgECsAEANAEANgEAOIEyQE1Ni57InBzSWQiOjU5MjQzLCJ2MiI6IkExWlBsMXRFamdlZ2drcEQxSFAzVV9sV254aEhVek1ubzhWU2k2cVVzRVJwWDg5MWtVa09CYWlEMVJPTFhZa2JwWU5wTXBFXzl3SG5yT1hQUWtrS251N1IydDBscklOMjJHX2Y1dl9wRnlySkVzTVVPdVo5NnV5QSJ9OzYzLnsicHNJZCI6NTkxOTEsInYyIjoiSEEifTs3MC57InBzSWQiOjU3NTI1LCJ2MiI6IkFBIn3oBADwBAD6BMUDeyJhY2NlbGVyYXRlX2ZhY3RvciI6MS4wLCJhY2NlbGVyYXRlX2lkIjowLCJhZF90eXBlX2ZpeCI6ImNwbSIsImJpel90eXBlIjo0LCJiaXpfdHlwZV9maXgiOjMsImNwYSI6IntcImNwYV9sZXZlbFwiOjAsXCJjcGFfc2V0XCI6MH0iLCJjcGFUYXJnZXRUeXBlIjowLCJmcm9tVHJhY2tpZCI6IndlYl9wZWdhc3VzXzMucm91dGVyLXdlYi1wZWdhc3VzLTIwODEyNTgtOTc5Y2ZiNmM2LXc3bHEyLjE3NDk0ODIyNzM0NzEuMjk3IiwiaW5uZXIiOjEsImlzX2NvbW1lcmNlIjoxLCJpc19vY3BjX2FudG91X29jcG0iOjAsIm1pbmlfZ2FtZV9pZCI6IiIsIm1pbmlfZ2FtZV9wb3NpdGlvbl9pZCI6IiIsIm1vZGVsU2NvcmUiOiJ7XCJjdHJcIjpcIjEyLjE1NzY0OVwiLFwiZmluYWxfcGN0clwiOlwiMTIuMTU3NjQ5XCIsXCJmaW5hbF9wY3ZyXCI6XCIxMDAwMC4wMDAwMDBcIn0iLCJ2aWRlb191cF9taWQiOjB9gAUAkAUEkAUlkAUzkAU7kAVDkAVIkAWMAZAFswGQBbQBkAXFAZAF0AGQBdgBkAWaApAFnwKQBcMCkAXOApAF0wKQBdYCkAXYApAF2gKQBdsCkAXfApAF8AKQBf8CkAWKA5AFjQOQBZQDkAWYA5AFmQOQBZoDkAWbA5AFpwOQBbADkAXAA5AFwQOQBc0DkAXQA5AF4AOQBfUDkAX4A5AF%2BgOQBfsDkAX%2FA5AFtASQBd0EkAXtBJAFxgWQBd8FkAX%2BBZAFgAaQBYEGkAWCBpAFjwaQBaQGkAWmBpAFugaQBZEHkAWTB5AFoQeQBbAHkAXHB5AF7QeQBbcIoAUAuAUAwAWtvJ0ByAUE4AUE6AUA%2Cf%7Cclick_sync_3%2Cg%7C1%2Ch%7C1%2Ci%7C%2Cj%7C%2Ck%7C1749482287225%2Cl%7C5636%2Cm%7C1749482278701%2Cn%7C1%2Co%7C0%2Cp%7Cad_card&ts=1749482287225,11万人感兴趣,https://i2.hdslb.com/bfs/sycp/sanlian/image/c6d27c4784374af5b01083a2a66ab9f8.jpeg@672w_378h_1c_!web-home-common-cover,06:50,2321,2
阿里云免费领！哇一大早起来阿里云200M不限流量云服务器加域名，完美解决外出连nas云盘的问题，附测评！6.5折优惠劵，阿里云！300学生优惠！崆峒！！！,https://www.bilibili.com/video/BV16VTSzGEDm,B站游戏榜单,https://i2.hdslb.com/bfs/archive/fc8730a752b00328719f07bbd281be3d4bbf3071.jpg@672w_378h_1c_!web-home-common-cover,06:50,2321,2
高考穿错衣服考试被判0分,https://www.bilibili.com/video/BV1UDTgzCEPm,升学规划葛老师,https://i2.hdslb.com/bfs/archive/69da0836b4487e2474394cf09d9042dd2c94cb99.jpg@672w_378h_1c_!web-home-common-cover,06:50,2321,2
探秘美国最辣死神炸鸡店！3200000辣度这是人吃的？！,https://www.bilibili.com/video/BV15MJbzuEGS,子文又饿了,https://i2.hdslb.com/bfs/archive/6507eb7e5a0cfc9c7434f4f273f7613f4c640960.jpg@672w_378h_1c_!web-home-common-cover,06:50,2321,2
